{
  "input": "datasets\\golden_200.jsonl",
  "n_rows": 117,
  "n_phish": 48,
  "n_benign": 69,
  "elapsed_seconds": 70.5,
  "rows_per_second": 1.66,
  "verdict_metrics": {
    "tp": 7,
    "fp": 0,
    "fn": 41,
    "tn": 69,
    "precision": 1.0,
    "recall": 0.14583333333333334,
    "f1": 0.2545454545454545,
    "fpr": 0.0,
    "f1_ci": [
      0.11320754716981132,
      0.40816326530612246
    ],
    "precision_ci": [
      1.0,
      1.0
    ],
    "recall_ci": [
      0.06,
      0.2564102564102564
    ],
    "fpr_ci": [
      0.0,
      0.0
    ]
  },
  "threshold_sweep": [
    {
      "threshold": 5,
      "tp": 47,
      "fp": 69,
      "fn": 1,
      "tn": 0,
      "precision": 0.4051724137931034,
      "recall": 0.9791666666666666,
      "f1": 0.573170731707317,
      "fpr": 1.0,
      "f1_ci": [
        0.4605263157894737,
        0.6551724137931034
      ],
      "precision_ci": [
        0.3017241379310345,
        0.49137931034482757
      ],
      "recall_ci": [
        0.9375,
        1.0
      ],
      "fpr_ci": [
        1.0,
        1.0
      ]
    },
    {
      "threshold": 15,
      "tp": 47,
      "fp": 69,
      "fn": 1,
      "tn": 0,
      "precision": 0.4051724137931034,
      "recall": 0.9791666666666666,
      "f1": 0.573170731707317,
      "fpr": 1.0,
      "f1_ci": [
        0.4605263157894737,
        0.6551724137931034
      ],
      "precision_ci": [
        0.3017241379310345,
        0.49137931034482757
      ],
      "recall_ci": [
        0.9375,
        1.0
      ],
      "fpr_ci": [
        1.0,
        1.0
      ]
    },
    {
      "threshold": 25,
      "tp": 47,
      "fp": 69,
      "fn": 1,
      "tn": 0,
      "precision": 0.4051724137931034,
      "recall": 0.9791666666666666,
      "f1": 0.573170731707317,
      "fpr": 1.0,
      "f1_ci": [
        0.4605263157894737,
        0.6551724137931034
      ],
      "precision_ci": [
        0.3017241379310345,
        0.49137931034482757
      ],
      "recall_ci": [
        0.9375,
        1.0
      ],
      "fpr_ci": [
        1.0,
        1.0
      ]
    },
    {
      "threshold": 50,
      "tp": 7,
      "fp": 0,
      "fn": 41,
      "tn": 69,
      "precision": 1.0,
      "recall": 0.14583333333333334,
      "f1": 0.2545454545454545,
      "fpr": 0.0,
      "f1_ci": [
        0.11320754716981132,
        0.40816326530612246
      ],
      "precision_ci": [
        1.0,
        1.0
      ],
      "recall_ci": [
        0.06,
        0.2564102564102564
      ],
      "fpr_ci": [
        0.0,
        0.0
      ]
    },
    {
      "threshold": 85,
      "tp": 0,
      "fp": 0,
      "fn": 48,
      "tn": 69,
      "precision": NaN,
      "recall": 0.0,
      "f1": 0.0,
      "fpr": 0.0,
      "f1_ci": [
        0.0,
        0.0
      ],
      "precision_ci": [
        0.0,
        0.0
      ],
      "recall_ci": [
        0.0,
        0.0
      ],
      "fpr_ci": [
        0.0,
        0.0
      ]
    }
  ],
  "verdict_counts": {
    "safe": 1,
    "caution": 109,
    "suspicious": 7,
    "dangerous": 0,
    "unknown": 0
  }
}