{
  "input_path": "D:\\Documents\\NCCUCP_D\\taica_LLM\\Final\\eval\\datasets\\phreshphish_subset.jsonl",
  "n_rows": 1000,
  "n_phish": 453,
  "n_benign": 547,
  "elapsed_seconds": 5.34,
  "rows_per_second": 187.2,
  "primary_threshold": 50,
  "primary_metrics": {
    "tp": 1,
    "fp": 1,
    "fn": 452,
    "tn": 546,
    "precision": 0.5,
    "recall": 0.002207505518763797,
    "f1": 0.004395604395604396,
    "fpr": 0.0018281535648994515,
    "accuracy": 0.547
  },
  "threshold_sweep": [
    {
      "threshold": 5,
      "tp": 189,
      "fp": 203,
      "fn": 264,
      "tn": 344,
      "precision": 0.48214285714285715,
      "recall": 0.41721854304635764,
      "f1": 0.44733727810650886,
      "fpr": 0.3711151736745887,
      "accuracy": 0.533,
      "f1_ci": [
        0.40148698884758366,
        0.48758465011286684
      ],
      "precision_ci": [
        0.43059490084985835,
        0.5310880829015544
      ],
      "recall_ci": [
        0.3694690265486726,
        0.46226415094339623
      ],
      "fpr_ci": [
        0.3326923076923077,
        0.4126126126126126
      ]
    },
    {
      "threshold": 10,
      "tp": 142,
      "fp": 110,
      "fn": 311,
      "tn": 437,
      "precision": 0.5634920634920635,
      "recall": 0.31346578366445915,
      "f1": 0.40283687943262414,
      "fpr": 0.20109689213893966,
      "accuracy": 0.579,
      "f1_ci": [
        0.35714285714285715,
        0.4489795918367347
      ],
      "precision_ci": [
        0.4978540772532189,
        0.625
      ],
      "recall_ci": [
        0.2703862660944206,
        0.3598130841121495
      ],
      "fpr_ci": [
        0.16544117647058823,
        0.23741007194244604
      ]
    },
    {
      "threshold": 15,
      "tp": 63,
      "fp": 63,
      "fn": 390,
      "tn": 484,
      "precision": 0.5,
      "recall": 0.1390728476821192,
      "f1": 0.21761658031088082,
      "fpr": 0.11517367458866545,
      "accuracy": 0.547,
      "f1_ci": [
        0.1757469244288225,
        0.2611683848797251
      ],
      "precision_ci": [
        0.4112903225806452,
        0.5887096774193549
      ],
      "recall_ci": [
        0.10944206008583691,
        0.17155756207674944
      ],
      "fpr_ci": [
        0.09124767225325885,
        0.14181818181818182
      ]
    },
    {
      "threshold": 20,
      "tp": 41,
      "fp": 43,
      "fn": 412,
      "tn": 504,
      "precision": 0.4880952380952381,
      "recall": 0.09050772626931568,
      "f1": 0.1527001862197393,
      "fpr": 0.07861060329067641,
      "accuracy": 0.545,
      "f1_ci": [
        0.10720887245841035,
        0.1956521739130435
      ],
      "precision_ci": [
        0.373134328358209,
        0.5930232558139535
      ],
      "recall_ci": [
        0.06277056277056277,
        0.11802575107296137
      ],
      "fpr_ci": [
        0.057692307692307696,
        0.10211267605633803
      ]
    },
    {
      "threshold": 25,
      "tp": 28,
      "fp": 21,
      "fn": 425,
      "tn": 526,
      "precision": 0.5714285714285714,
      "recall": 0.06181015452538632,
      "f1": 0.11155378486055777,
      "fpr": 0.038391224862888484,
      "accuracy": 0.554,
      "f1_ci": [
        0.07188160676532769,
        0.15264187866927592
      ],
      "precision_ci": [
        0.41818181818181815,
        0.7
      ],
      "recall_ci": [
        0.03917050691244239,
        0.08604651162790698
      ],
      "fpr_ci": [
        0.023593466424682397,
        0.05698529411764706
      ]
    },
    {
      "threshold": 30,
      "tp": 9,
      "fp": 15,
      "fn": 444,
      "tn": 532,
      "precision": 0.375,
      "recall": 0.019867549668874173,
      "f1": 0.03773584905660377,
      "fpr": 0.027422303473491772,
      "accuracy": 0.541,
      "f1_ci": [
        0.016666666666666666,
        0.05982905982905983
      ],
      "precision_ci": [
        0.1875,
        0.5769230769230769
      ],
      "recall_ci": [
        0.008565310492505354,
        0.031818181818181815
      ],
      "fpr_ci": [
        0.014209591474245116,
        0.04308797127468582
      ]
    },
    {
      "threshold": 35,
      "tp": 9,
      "fp": 12,
      "fn": 444,
      "tn": 535,
      "precision": 0.42857142857142855,
      "recall": 0.019867549668874173,
      "f1": 0.0379746835443038,
      "fpr": 0.021937842778793418,
      "accuracy": 0.544,
      "f1_ci": [
        0.016701461377870562,
        0.059957173447537475
      ],
      "precision_ci": [
        0.21052631578947367,
        0.6428571428571429
      ],
      "recall_ci": [
        0.008565310492505354,
        0.031818181818181815
      ],
      "fpr_ci": [
        0.00992063492063492,
        0.03636363636363636
      ]
    },
    {
      "threshold": 40,
      "tp": 3,
      "fp": 3,
      "fn": 450,
      "tn": 544,
      "precision": 0.5,
      "recall": 0.006622516556291391,
      "f1": 0.013071895424836602,
      "fpr": 0.005484460694698354,
      "accuracy": 0.547,
      "f1_ci": [
        0.0,
        0.02708803611738149
      ],
      "precision_ci": [
        0.0,
        1.0
      ],
      "recall_ci": [
        0.0,
        0.013761467889908258
      ],
      "fpr_ci": [
        0.0,
        0.01289134438305709
      ]
    },
    {
      "threshold": 45,
      "tp": 1,
      "fp": 2,
      "fn": 452,
      "tn": 545,
      "precision": 0.3333333333333333,
      "recall": 0.002207505518763797,
      "f1": 0.0043859649122807015,
      "fpr": 0.003656307129798903,
      "accuracy": 0.546,
      "f1_ci": [
        0.0,
        0.013636363636363636
      ],
      "precision_ci": [
        0.0,
        1.0
      ],
      "recall_ci": [
        0.0,
        0.0069124423963133645
      ],
      "fpr_ci": [
        0.0,
        0.010526315789473684
      ]
    },
    {
      "threshold": 50,
      "tp": 1,
      "fp": 1,
      "fn": 452,
      "tn": 546,
      "precision": 0.5,
      "recall": 0.002207505518763797,
      "f1": 0.004395604395604396,
      "fpr": 0.0018281535648994515,
      "accuracy": 0.547,
      "f1_ci": [
        0.0,
        0.013729977116704805
      ],
      "precision_ci": [
        0.0,
        1.0
      ],
      "recall_ci": [
        0.0,
        0.0069124423963133645
      ],
      "fpr_ci": [
        0.0,
        0.005681818181818182
      ]
    },
    {
      "threshold": 55,
      "tp": 1,
      "fp": 0,
      "fn": 452,
      "tn": 547,
      "precision": 1.0,
      "recall": 0.002207505518763797,
      "f1": 0.004405286343612335,
      "fpr": 0.0,
      "accuracy": 0.548,
      "f1_ci": [
        0.0,
        0.013729977116704805
      ],
      "precision_ci": [
        0.0,
        1.0
      ],
      "recall_ci": [
        0.0,
        0.0069124423963133645
      ],
      "fpr_ci": [
        0.0,
        0.0
      ]
    },
    {
      "threshold": 60,
      "tp": 1,
      "fp": 0,
      "fn": 452,
      "tn": 547,
      "precision": 1.0,
      "recall": 0.002207505518763797,
      "f1": 0.004405286343612335,
      "fpr": 0.0,
      "accuracy": 0.548,
      "f1_ci": [
        0.0,
        0.013729977116704805
      ],
      "precision_ci": [
        0.0,
        1.0
      ],
      "recall_ci": [
        0.0,
        0.0069124423963133645
      ],
      "fpr_ci": [
        0.0,
        0.0
      ]
    },
    {
      "threshold": 65,
      "tp": 1,
      "fp": 0,
      "fn": 452,
      "tn": 547,
      "precision": 1.0,
      "recall": 0.002207505518763797,
      "f1": 0.004405286343612335,
      "fpr": 0.0,
      "accuracy": 0.548,
      "f1_ci": [
        0.0,
        0.013729977116704805
      ],
      "precision_ci": [
        0.0,
        1.0
      ],
      "recall_ci": [
        0.0,
        0.0069124423963133645
      ],
      "fpr_ci": [
        0.0,
        0.0
      ]
    },
    {
      "threshold": 70,
      "tp": 0,
      "fp": 0,
      "fn": 453,
      "tn": 547,
      "precision": 0.0,
      "recall": 0.0,
      "f1": 0.0,
      "fpr": 0.0,
      "accuracy": 0.547,